[
  {
    "id": "578af5e7-1194-47a0-8450-beb7fb483cf6",
    "data": [
      {
        "text": "menu dikhao",
        "userDefined": false
      }
    ],
    "isTemplate": false,
    "count": 0,
    "lang": "hi",
    "updated": 0
  },
  {
    "id": "fde58e01-38c6-4198-9af9-2715c469c855",
    "data": [
      {
        "text": "kya mujhe menu ",
        "userDefined": false
      },
      {
        "text": "mil",
        "meta": "@sys.unit-length-name",
        "alias": "unit-length-name",
        "userDefined": false
      },
      {
        "text": " sakta hei",
        "userDefined": false
      }
    ],
    "isTemplate": false,
    "count": 1,
    "lang": "hi",
    "updated": 0
  }
]